# Emoji in the usual order: the emoji, its group, its shortcodes.
# From github/gemoji db/emoji.json (MIT), commit fadaeaf1f1a9be82b321316a6c5502e43138b2f6.
😀	smileys	grinning
😃	smileys	smiley
😄	smileys	smile
😁	smileys	grin
😆	smileys	laughing satisfied
😅	smileys	sweat_smile
🤣	smileys	rofl
😂	smileys	joy
🙂	smileys	slightly_smiling_face
🙃	smileys	upside_down_face
🫠	smileys	melting_face
😉	smileys	wink
😊	smileys	blush
😇	smileys	innocent
🥰	smileys	smiling_face_with_three_hearts
😍	smileys	heart_eyes
🤩	smileys	star_struck
😘	smileys	kissing_heart
😗	smileys	kissing
☺️	smileys	relaxed
😚	smileys	kissing_closed_eyes
😙	smileys	kissing_smiling_eyes
🥲	smileys	smiling_face_with_tear
😋	smileys	yum
😛	smileys	stuck_out_tongue
😜	smileys	stuck_out_tongue_winking_eye
🤪	smileys	zany_face
😝	smileys	stuck_out_tongue_closed_eyes
🤑	smileys	money_mouth_face
🤗	smileys	hugs
🤭	smileys	hand_over_mouth
🫢	smileys	face_with_open_eyes_and_hand_over_mouth
🫣	smileys	face_with_peeking_eye
🤫	smileys	shushing_face
🤔	smileys	thinking
🫡	smileys	saluting_face
🤐	smileys	zipper_mouth_face
🤨	smileys	raised_eyebrow
😐	smileys	neutral_face
😑	smileys	expressionless
😶	smileys	no_mouth
🫥	smileys	dotted_line_face
😶‍🌫️	smileys	face_in_clouds
😏	smileys	smirk
😒	smileys	unamused
🙄	smileys	roll_eyes
😬	smileys	grimacing
😮‍💨	smileys	face_exhaling
🤥	smileys	lying_face
🫨	smileys	shaking_face
😌	smileys	relieved
😔	smileys	pensive
😪	smileys	sleepy
🤤	smileys	drooling_face
😴	smileys	sleeping
😷	smileys	mask
🤒	smileys	face_with_thermometer
🤕	smileys	face_with_head_bandage
🤢	smileys	nauseated_face
🤮	smileys	vomiting_face
🤧	smileys	sneezing_face
🥵	smileys	hot_face
🥶	smileys	cold_face
🥴	smileys	woozy_face
😵	smileys	dizzy_face
😵‍💫	smileys	face_with_spiral_eyes
🤯	smileys	exploding_head
🤠	smileys	cowboy_hat_face
🥳	smileys	partying_face
🥸	smileys	disguised_face
😎	smileys	sunglasses
🤓	smileys	nerd_face
🧐	smileys	monocle_face
😕	smileys	confused
🫤	smileys	face_with_diagonal_mouth
😟	smileys	worried
🙁	smileys	slightly_frowning_face
☹️	smileys	frowning_face
😮	smileys	open_mouth
😯	smileys	hushed
😲	smileys	astonished
😳	smileys	flushed
🥺	smileys	pleading_face
🥹	smileys	face_holding_back_tears
😦	smileys	frowning
😧	smileys	anguished
😨	smileys	fearful
😰	smileys	cold_sweat
😥	smileys	disappointed_relieved
😢	smileys	cry
😭	smileys	sob
😱	smileys	scream
😖	smileys	confounded
😣	smileys	persevere
😞	smileys	disappointed
😓	smileys	sweat
😩	smileys	weary
😫	smileys	tired_face
🥱	smileys	yawning_face
😤	smileys	triumph
😡	smileys	rage pout
😠	smileys	angry
🤬	smileys	cursing_face
😈	smileys	smiling_imp
👿	smileys	imp
💀	smileys	skull
☠️	smileys	skull_and_crossbones
💩	smileys	hankey poop shit
🤡	smileys	clown_face
👹	smileys	japanese_ogre
👺	smileys	japanese_goblin
👻	smileys	ghost
👽	smileys	alien
👾	smileys	space_invader
🤖	smileys	robot
😺	smileys	smiley_cat
😸	smileys	smile_cat
😹	smileys	joy_cat
😻	smileys	heart_eyes_cat
😼	smileys	smirk_cat
😽	smileys	kissing_cat
🙀	smileys	scream_cat
😿	smileys	crying_cat_face
😾	smileys	pouting_cat
🙈	smileys	see_no_evil
🙉	smileys	hear_no_evil
🙊	smileys	speak_no_evil
💌	smileys	love_letter
💘	smileys	cupid
💝	smileys	gift_heart
💖	smileys	sparkling_heart
💗	smileys	heartpulse
💓	smileys	heartbeat
💞	smileys	revolving_hearts
💕	smileys	two_hearts
💟	smileys	heart_decoration
❣️	smileys	heavy_heart_exclamation
💔	smileys	broken_heart
❤️‍🔥	smileys	heart_on_fire
❤️‍🩹	smileys	mending_heart
❤️	smileys	heart
🩷	smileys	pink_heart
🧡	smileys	orange_heart
💛	smileys	yellow_heart
💚	smileys	green_heart
💙	smileys	blue_heart
🩵	smileys	light_blue_heart
💜	smileys	purple_heart
🤎	smileys	brown_heart
🖤	smileys	black_heart
🩶	smileys	grey_heart
🤍	smileys	white_heart
💋	smileys	kiss
💯	smileys	100
💢	smileys	anger
💥	smileys	boom collision
💫	smileys	dizzy
💦	smileys	sweat_drops
💨	smileys	dash
🕳️	smileys	hole
💬	smileys	speech_balloon
👁️‍🗨️	smileys	eye_speech_bubble
🗨️	smileys	left_speech_bubble
🗯️	smileys	right_anger_bubble
💭	smileys	thought_balloon
💤	smileys	zzz
👋	people	wave
🤚	people	raised_back_of_hand
🖐️	people	raised_hand_with_fingers_splayed
✋	people	hand raised_hand
🖖	people	vulcan_salute
🫱	people	rightwards_hand
🫲	people	leftwards_hand
🫳	people	palm_down_hand
🫴	people	palm_up_hand
🫷	people	leftwards_pushing_hand
🫸	people	rightwards_pushing_hand
👌	people	ok_hand
🤌	people	pinched_fingers
🤏	people	pinching_hand
✌️	people	v
🤞	people	crossed_fingers
🫰	people	hand_with_index_finger_and_thumb_crossed
🤟	people	love_you_gesture
🤘	people	metal
🤙	people	call_me_hand
👈	people	point_left
👉	people	point_right
👆	people	point_up_2
🖕	people	middle_finger fu
👇	people	point_down
☝️	people	point_up
🫵	people	index_pointing_at_the_viewer
👍	people	+1 thumbsup
👎	people	-1 thumbsdown
✊	people	fist_raised fist
👊	people	fist_oncoming facepunch punch
🤛	people	fist_left
🤜	people	fist_right
👏	people	clap
🙌	people	raised_hands
🫶	people	heart_hands
👐	people	open_hands
🤲	people	palms_up_together
🤝	people	handshake
🙏	people	pray
✍️	people	writing_hand
💅	people	nail_care
🤳	people	selfie
💪	people	muscle
🦾	people	mechanical_arm
🦿	people	mechanical_leg
🦵	people	leg
🦶	people	foot
👂	people	ear
🦻	people	ear_with_hearing_aid
👃	people	nose
🧠	people	brain
🫀	people	anatomical_heart
🫁	people	lungs
🦷	people	tooth
🦴	people	bone
👀	people	eyes
👁️	people	eye
👅	people	tongue
👄	people	lips
🫦	people	biting_lip
👶	people	baby
🧒	people	child
👦	people	boy
👧	people	girl
🧑	people	adult
👱	people	blond_haired_person
👨	people	man
🧔	people	bearded_person
🧔‍♂️	people	man_beard
🧔‍♀️	people	woman_beard
👨‍🦰	people	red_haired_man
👨‍🦱	people	curly_haired_man
👨‍🦳	people	white_haired_man
👨‍🦲	people	bald_man
👩	people	woman
👩‍🦰	people	red_haired_woman
🧑‍🦰	people	person_red_hair
👩‍🦱	people	curly_haired_woman
🧑‍🦱	people	person_curly_hair
👩‍🦳	people	white_haired_woman
🧑‍🦳	people	person_white_hair
👩‍🦲	people	bald_woman
🧑‍🦲	people	person_bald
👱‍♀️	people	blond_haired_woman blonde_woman
👱‍♂️	people	blond_haired_man
🧓	people	older_adult
👴	people	older_man
👵	people	older_woman
🙍	people	frowning_person
🙍‍♂️	people	frowning_man
🙍‍♀️	people	frowning_woman
🙎	people	pouting_face
🙎‍♂️	people	pouting_man
🙎‍♀️	people	pouting_woman
🙅	people	no_good
🙅‍♂️	people	no_good_man ng_man
🙅‍♀️	people	no_good_woman ng_woman
🙆	people	ok_person
🙆‍♂️	people	ok_man
🙆‍♀️	people	ok_woman
💁	people	tipping_hand_person information_desk_person
💁‍♂️	people	tipping_hand_man sassy_man
💁‍♀️	people	tipping_hand_woman sassy_woman
🙋	people	raising_hand
🙋‍♂️	people	raising_hand_man
🙋‍♀️	people	raising_hand_woman
🧏	people	deaf_person
🧏‍♂️	people	deaf_man
🧏‍♀️	people	deaf_woman
🙇	people	bow
🙇‍♂️	people	bowing_man
🙇‍♀️	people	bowing_woman
🤦	people	facepalm
🤦‍♂️	people	man_facepalming
🤦‍♀️	people	woman_facepalming
🤷	people	shrug
🤷‍♂️	people	man_shrugging
🤷‍♀️	people	woman_shrugging
🧑‍⚕️	people	health_worker
👨‍⚕️	people	man_health_worker
👩‍⚕️	people	woman_health_worker
🧑‍🎓	people	student
👨‍🎓	people	man_student
👩‍🎓	people	woman_student
🧑‍🏫	people	teacher
👨‍🏫	people	man_teacher
👩‍🏫	people	woman_teacher
🧑‍⚖️	people	judge
👨‍⚖️	people	man_judge
👩‍⚖️	people	woman_judge
🧑‍🌾	people	farmer
👨‍🌾	people	man_farmer
👩‍🌾	people	woman_farmer
🧑‍🍳	people	cook
👨‍🍳	people	man_cook
👩‍🍳	people	woman_cook
🧑‍🔧	people	mechanic
👨‍🔧	people	man_mechanic
👩‍🔧	people	woman_mechanic
🧑‍🏭	people	factory_worker
👨‍🏭	people	man_factory_worker
👩‍🏭	people	woman_factory_worker
🧑‍💼	people	office_worker
👨‍💼	people	man_office_worker
👩‍💼	people	woman_office_worker
🧑‍🔬	people	scientist
👨‍🔬	people	man_scientist
👩‍🔬	people	woman_scientist
🧑‍💻	people	technologist
👨‍💻	people	man_technologist
👩‍💻	people	woman_technologist
🧑‍🎤	people	singer
👨‍🎤	people	man_singer
👩‍🎤	people	woman_singer
🧑‍🎨	people	artist
👨‍🎨	people	man_artist
👩‍🎨	people	woman_artist
🧑‍✈️	people	pilot
👨‍✈️	people	man_pilot
👩‍✈️	people	woman_pilot
🧑‍🚀	people	astronaut
👨‍🚀	people	man_astronaut
👩‍🚀	people	woman_astronaut
🧑‍🚒	people	firefighter
👨‍🚒	people	man_firefighter
👩‍🚒	people	woman_firefighter
👮	people	police_officer cop
👮‍♂️	people	policeman
👮‍♀️	people	policewoman
🕵️	people	detective
🕵️‍♂️	people	male_detective
🕵️‍♀️	people	female_detective
💂	people	guard
💂‍♂️	people	guardsman
💂‍♀️	people	guardswoman
🥷	people	ninja
👷	people	construction_worker
👷‍♂️	people	construction_worker_man
👷‍♀️	people	construction_worker_woman
🫅	people	person_with_crown
🤴	people	prince
👸	people	princess
👳	people	person_with_turban
👳‍♂️	people	man_with_turban
👳‍♀️	people	woman_with_turban
👲	people	man_with_gua_pi_mao
🧕	people	woman_with_headscarf
🤵	people	person_in_tuxedo
🤵‍♂️	people	man_in_tuxedo
🤵‍♀️	people	woman_in_tuxedo
👰	people	person_with_veil
👰‍♂️	people	man_with_veil
👰‍♀️	people	woman_with_veil bride_with_veil
🤰	people	pregnant_woman
🫃	people	pregnant_man
🫄	people	pregnant_person
🤱	people	breast_feeding
👩‍🍼	people	woman_feeding_baby
👨‍🍼	people	man_feeding_baby
🧑‍🍼	people	person_feeding_baby
👼	people	angel
🎅	people	santa
🤶	people	mrs_claus
🧑‍🎄	people	mx_claus
🦸	people	superhero
🦸‍♂️	people	superhero_man
🦸‍♀️	people	superhero_woman
🦹	people	supervillain
🦹‍♂️	people	supervillain_man
🦹‍♀️	people	supervillain_woman
🧙	people	mage
🧙‍♂️	people	mage_man
🧙‍♀️	people	mage_woman
🧚	people	fairy
🧚‍♂️	people	fairy_man
🧚‍♀️	people	fairy_woman
🧛	people	vampire
🧛‍♂️	people	vampire_man
🧛‍♀️	people	vampire_woman
🧜	people	merperson
🧜‍♂️	people	merman
🧜‍♀️	people	mermaid
🧝	people	elf
🧝‍♂️	people	elf_man
🧝‍♀️	people	elf_woman
🧞	people	genie
🧞‍♂️	people	genie_man
🧞‍♀️	people	genie_woman
🧟	people	zombie
🧟‍♂️	people	zombie_man
🧟‍♀️	people	zombie_woman
🧌	people	troll
💆	people	massage
💆‍♂️	people	massage_man
💆‍♀️	people	massage_woman
💇	people	haircut
💇‍♂️	people	haircut_man
💇‍♀️	people	haircut_woman
🚶	people	walking
🚶‍♂️	people	walking_man
🚶‍♀️	people	walking_woman
🧍	people	standing_person
🧍‍♂️	people	standing_man
🧍‍♀️	people	standing_woman
🧎	people	kneeling_person
🧎‍♂️	people	kneeling_man
🧎‍♀️	people	kneeling_woman
🧑‍🦯	people	person_with_probing_cane
👨‍🦯	people	man_with_probing_cane
👩‍🦯	people	woman_with_probing_cane
🧑‍🦼	people	person_in_motorized_wheelchair
👨‍🦼	people	man_in_motorized_wheelchair
👩‍🦼	people	woman_in_motorized_wheelchair
🧑‍🦽	people	person_in_manual_wheelchair
👨‍🦽	people	man_in_manual_wheelchair
👩‍🦽	people	woman_in_manual_wheelchair
🏃	people	runner running
🏃‍♂️	people	running_man
🏃‍♀️	people	running_woman
💃	people	woman_dancing dancer
🕺	people	man_dancing
🕴️	people	business_suit_levitating
👯	people	dancers
👯‍♂️	people	dancing_men
👯‍♀️	people	dancing_women
🧖	people	sauna_person
🧖‍♂️	people	sauna_man
🧖‍♀️	people	sauna_woman
🧗	people	climbing
🧗‍♂️	people	climbing_man
🧗‍♀️	people	climbing_woman
🤺	people	person_fencing
🏇	people	horse_racing
⛷️	people	skier
🏂	people	snowboarder
🏌️	people	golfing
🏌️‍♂️	people	golfing_man
🏌️‍♀️	people	golfing_woman
🏄	people	surfer
🏄‍♂️	people	surfing_man
🏄‍♀️	people	surfing_woman
🚣	people	rowboat
🚣‍♂️	people	rowing_man
🚣‍♀️	people	rowing_woman
🏊	people	swimmer
🏊‍♂️	people	swimming_man
🏊‍♀️	people	swimming_woman
⛹️	people	bouncing_ball_person
⛹️‍♂️	people	bouncing_ball_man basketball_man
⛹️‍♀️	people	bouncing_ball_woman basketball_woman
🏋️	people	weight_lifting
🏋️‍♂️	people	weight_lifting_man
🏋️‍♀️	people	weight_lifting_woman
🚴	people	bicyclist
🚴‍♂️	people	biking_man
🚴‍♀️	people	biking_woman
🚵	people	mountain_bicyclist
🚵‍♂️	people	mountain_biking_man
🚵‍♀️	people	mountain_biking_woman
🤸	people	cartwheeling
🤸‍♂️	people	man_cartwheeling
🤸‍♀️	people	woman_cartwheeling
🤼	people	wrestling
🤼‍♂️	people	men_wrestling
🤼‍♀️	people	women_wrestling
🤽	people	water_polo
🤽‍♂️	people	man_playing_water_polo
🤽‍♀️	people	woman_playing_water_polo
🤾	people	handball_person
🤾‍♂️	people	man_playing_handball
🤾‍♀️	people	woman_playing_handball
🤹	people	juggling_person
🤹‍♂️	people	man_juggling
🤹‍♀️	people	woman_juggling
🧘	people	lotus_position
🧘‍♂️	people	lotus_position_man
🧘‍♀️	people	lotus_position_woman
🛀	people	bath
🛌	people	sleeping_bed
🧑‍🤝‍🧑	people	people_holding_hands
👭	people	two_women_holding_hands
👫	people	couple
👬	people	two_men_holding_hands
💏	people	couplekiss
👩‍❤️‍💋‍👨	people	couplekiss_man_woman
👨‍❤️‍💋‍👨	people	couplekiss_man_man
👩‍❤️‍💋‍👩	people	couplekiss_woman_woman
💑	people	couple_with_heart
👩‍❤️‍👨	people	couple_with_heart_woman_man
👨‍❤️‍👨	people	couple_with_heart_man_man
👩‍❤️‍👩	people	couple_with_heart_woman_woman
👪	people	family
👨‍👩‍👦	people	family_man_woman_boy
👨‍👩‍👧	people	family_man_woman_girl
👨‍👩‍👧‍👦	people	family_man_woman_girl_boy
👨‍👩‍👦‍👦	people	family_man_woman_boy_boy
👨‍👩‍👧‍👧	people	family_man_woman_girl_girl
👨‍👨‍👦	people	family_man_man_boy
👨‍👨‍👧	people	family_man_man_girl
👨‍👨‍👧‍👦	people	family_man_man_girl_boy
👨‍👨‍👦‍👦	people	family_man_man_boy_boy
👨‍👨‍👧‍👧	people	family_man_man_girl_girl
👩‍👩‍👦	people	family_woman_woman_boy
👩‍👩‍👧	people	family_woman_woman_girl
👩‍👩‍👧‍👦	people	family_woman_woman_girl_boy
👩‍👩‍👦‍👦	people	family_woman_woman_boy_boy
👩‍👩‍👧‍👧	people	family_woman_woman_girl_girl
👨‍👦	people	family_man_boy
👨‍👦‍👦	people	family_man_boy_boy
👨‍👧	people	family_man_girl
👨‍👧‍👦	people	family_man_girl_boy
👨‍👧‍👧	people	family_man_girl_girl
👩‍👦	people	family_woman_boy
👩‍👦‍👦	people	family_woman_boy_boy
👩‍👧	people	family_woman_girl
👩‍👧‍👦	people	family_woman_girl_boy
👩‍👧‍👧	people	family_woman_girl_girl
🗣️	people	speaking_head
👤	people	bust_in_silhouette
👥	people	busts_in_silhouette
🫂	people	people_hugging
👣	people	footprints
🐵	animals	monkey_face
🐒	animals	monkey
🦍	animals	gorilla
🦧	animals	orangutan
🐶	animals	dog
🐕	animals	dog2
🦮	animals	guide_dog
🐕‍🦺	animals	service_dog
🐩	animals	poodle
🐺	animals	wolf
🦊	animals	fox_face
🦝	animals	raccoon
🐱	animals	cat
🐈	animals	cat2
🐈‍⬛	animals	black_cat
🦁	animals	lion
🐯	animals	tiger
🐅	animals	tiger2
🐆	animals	leopard
🐴	animals	horse
🫎	animals	moose
🫏	animals	donkey
🐎	animals	racehorse
🦄	animals	unicorn
🦓	animals	zebra
🦌	animals	deer
🦬	animals	bison
🐮	animals	cow
🐂	animals	ox
🐃	animals	water_buffalo
🐄	animals	cow2
🐷	animals	pig
🐖	animals	pig2
🐗	animals	boar
🐽	animals	pig_nose
🐏	animals	ram
🐑	animals	sheep
🐐	animals	goat
🐪	animals	dromedary_camel
🐫	animals	camel
🦙	animals	llama
🦒	animals	giraffe
🐘	animals	elephant
🦣	animals	mammoth
🦏	animals	rhinoceros
🦛	animals	hippopotamus
🐭	animals	mouse
🐁	animals	mouse2
🐀	animals	rat
🐹	animals	hamster
🐰	animals	rabbit
🐇	animals	rabbit2
🐿️	animals	chipmunk
🦫	animals	beaver
🦔	animals	hedgehog
🦇	animals	bat
🐻	animals	bear
🐻‍❄️	animals	polar_bear
🐨	animals	koala
🐼	animals	panda_face
🦥	animals	sloth
🦦	animals	otter
🦨	animals	skunk
🦘	animals	kangaroo
🦡	animals	badger
🐾	animals	feet paw_prints
🦃	animals	turkey
🐔	animals	chicken
🐓	animals	rooster
🐣	animals	hatching_chick
🐤	animals	baby_chick
🐥	animals	hatched_chick
🐦	animals	bird
🐧	animals	penguin
🕊️	animals	dove
🦅	animals	eagle
🦆	animals	duck
🦢	animals	swan
🦉	animals	owl
🦤	animals	dodo
🪶	animals	feather
🦩	animals	flamingo
🦚	animals	peacock
🦜	animals	parrot
🪽	animals	wing
🐦‍⬛	animals	black_bird
🪿	animals	goose
🐸	animals	frog
🐊	animals	crocodile
🐢	animals	turtle
🦎	animals	lizard
🐍	animals	snake
🐲	animals	dragon_face
🐉	animals	dragon
🦕	animals	sauropod
🦖	animals	t-rex
🐳	animals	whale
🐋	animals	whale2
🐬	animals	dolphin flipper
🦭	animals	seal
🐟	animals	fish
🐠	animals	tropical_fish
🐡	animals	blowfish
🦈	animals	shark
🐙	animals	octopus
🐚	animals	shell
🪸	animals	coral
🪼	animals	jellyfish
🐌	animals	snail
🦋	animals	butterfly
🐛	animals	bug
🐜	animals	ant
🐝	animals	bee honeybee
🪲	animals	beetle
🐞	animals	lady_beetle
🦗	animals	cricket
🪳	animals	cockroach
🕷️	animals	spider
🕸️	animals	spider_web
🦂	animals	scorpion
🦟	animals	mosquito
🪰	animals	fly
🪱	animals	worm
🦠	animals	microbe
💐	animals	bouquet
🌸	animals	cherry_blossom
💮	animals	white_flower
🪷	animals	lotus
🏵️	animals	rosette
🌹	animals	rose
🥀	animals	wilted_flower
🌺	animals	hibiscus
🌻	animals	sunflower
🌼	animals	blossom
🌷	animals	tulip
🪻	animals	hyacinth
🌱	animals	seedling
🪴	animals	potted_plant
🌲	animals	evergreen_tree
🌳	animals	deciduous_tree
🌴	animals	palm_tree
🌵	animals	cactus
🌾	animals	ear_of_rice
🌿	animals	herb
☘️	animals	shamrock
🍀	animals	four_leaf_clover
🍁	animals	maple_leaf
🍂	animals	fallen_leaf
🍃	animals	leaves
🪹	animals	empty_nest
🪺	animals	nest_with_eggs
🍄	animals	mushroom
🍇	food	grapes
🍈	food	melon
🍉	food	watermelon
🍊	food	tangerine orange mandarin
🍋	food	lemon
🍌	food	banana
🍍	food	pineapple
🥭	food	mango
🍎	food	apple
🍏	food	green_apple
🍐	food	pear
🍑	food	peach
🍒	food	cherries
🍓	food	strawberry
🫐	food	blueberries
🥝	food	kiwi_fruit
🍅	food	tomato
🫒	food	olive
🥥	food	coconut
🥑	food	avocado
🍆	food	eggplant
🥔	food	potato
🥕	food	carrot
🌽	food	corn
🌶️	food	hot_pepper
🫑	food	bell_pepper
🥒	food	cucumber
🥬	food	leafy_green
🥦	food	broccoli
🧄	food	garlic
🧅	food	onion
🥜	food	peanuts
🫘	food	beans
🌰	food	chestnut
🫚	food	ginger_root
🫛	food	pea_pod
🍞	food	bread
🥐	food	croissant
🥖	food	baguette_bread
🫓	food	flatbread
🥨	food	pretzel
🥯	food	bagel
🥞	food	pancakes
🧇	food	waffle
🧀	food	cheese
🍖	food	meat_on_bone
🍗	food	poultry_leg
🥩	food	cut_of_meat
🥓	food	bacon
🍔	food	hamburger
🍟	food	fries
🍕	food	pizza
🌭	food	hotdog
🥪	food	sandwich
🌮	food	taco
🌯	food	burrito
🫔	food	tamale
🥙	food	stuffed_flatbread
🧆	food	falafel
🥚	food	egg
🍳	food	fried_egg
🥘	food	shallow_pan_of_food
🍲	food	stew
🫕	food	fondue
🥣	food	bowl_with_spoon
🥗	food	green_salad
🍿	food	popcorn
🧈	food	butter
🧂	food	salt
🥫	food	canned_food
🍱	food	bento
🍘	food	rice_cracker
🍙	food	rice_ball
🍚	food	rice
🍛	food	curry
🍜	food	ramen
🍝	food	spaghetti
🍠	food	sweet_potato
🍢	food	oden
🍣	food	sushi
🍤	food	fried_shrimp
🍥	food	fish_cake
🥮	food	moon_cake
🍡	food	dango
🥟	food	dumpling
🥠	food	fortune_cookie
🥡	food	takeout_box
🦀	food	crab
🦞	food	lobster
🦐	food	shrimp
🦑	food	squid
🦪	food	oyster
🍦	food	icecream
🍧	food	shaved_ice
🍨	food	ice_cream
🍩	food	doughnut
🍪	food	cookie
🎂	food	birthday
🍰	food	cake
🧁	food	cupcake
🥧	food	pie
🍫	food	chocolate_bar
🍬	food	candy
🍭	food	lollipop
🍮	food	custard
🍯	food	honey_pot
🍼	food	baby_bottle
🥛	food	milk_glass
☕	food	coffee
🫖	food	teapot
🍵	food	tea
🍶	food	sake
🍾	food	champagne
🍷	food	wine_glass
🍸	food	cocktail
🍹	food	tropical_drink
🍺	food	beer
🍻	food	beers
🥂	food	clinking_glasses
🥃	food	tumbler_glass
🫗	food	pouring_liquid
🥤	food	cup_with_straw
🧋	food	bubble_tea
🧃	food	beverage_box
🧉	food	mate
🧊	food	ice_cube
🥢	food	chopsticks
🍽️	food	plate_with_cutlery
🍴	food	fork_and_knife
🥄	food	spoon
🔪	food	hocho knife
🫙	food	jar
🏺	food	amphora
🌍	travel	earth_africa
🌎	travel	earth_americas
🌏	travel	earth_asia
🌐	travel	globe_with_meridians
🗺️	travel	world_map
🗾	travel	japan
🧭	travel	compass
🏔️	travel	mountain_snow
⛰️	travel	mountain
🌋	travel	volcano
🗻	travel	mount_fuji
🏕️	travel	camping
🏖️	travel	beach_umbrella
🏜️	travel	desert
🏝️	travel	desert_island
🏞️	travel	national_park
🏟️	travel	stadium
🏛️	travel	classical_building
🏗️	travel	building_construction
🧱	travel	bricks
🪨	travel	rock
🪵	travel	wood
🛖	travel	hut
🏘️	travel	houses
🏚️	travel	derelict_house
🏠	travel	house
🏡	travel	house_with_garden
🏢	travel	office
🏣	travel	post_office
🏤	travel	european_post_office
🏥	travel	hospital
🏦	travel	bank
🏨	travel	hotel
🏩	travel	love_hotel
🏪	travel	convenience_store
🏫	travel	school
🏬	travel	department_store
🏭	travel	factory
🏯	travel	japanese_castle
🏰	travel	european_castle
💒	travel	wedding
🗼	travel	tokyo_tower
🗽	travel	statue_of_liberty
⛪	travel	church
🕌	travel	mosque
🛕	travel	hindu_temple
🕍	travel	synagogue
⛩️	travel	shinto_shrine
🕋	travel	kaaba
⛲	travel	fountain
⛺	travel	tent
🌁	travel	foggy
🌃	travel	night_with_stars
🏙️	travel	cityscape
🌄	travel	sunrise_over_mountains
🌅	travel	sunrise
🌆	travel	city_sunset
🌇	travel	city_sunrise
🌉	travel	bridge_at_night
♨️	travel	hotsprings
🎠	travel	carousel_horse
🛝	travel	playground_slide
🎡	travel	ferris_wheel
🎢	travel	roller_coaster
💈	travel	barber
🎪	travel	circus_tent
🚂	travel	steam_locomotive
🚃	travel	railway_car
🚄	travel	bullettrain_side
🚅	travel	bullettrain_front
🚆	travel	train2
🚇	travel	metro
🚈	travel	light_rail
🚉	travel	station
🚊	travel	tram
🚝	travel	monorail
🚞	travel	mountain_railway
🚋	travel	train
🚌	travel	bus
🚍	travel	oncoming_bus
🚎	travel	trolleybus
🚐	travel	minibus
🚑	travel	ambulance
🚒	travel	fire_engine
🚓	travel	police_car
🚔	travel	oncoming_police_car
🚕	travel	taxi
🚖	travel	oncoming_taxi
🚗	travel	car red_car
🚘	travel	oncoming_automobile
🚙	travel	blue_car
🛻	travel	pickup_truck
🚚	travel	truck
🚛	travel	articulated_lorry
🚜	travel	tractor
🏎️	travel	racing_car
🏍️	travel	motorcycle
🛵	travel	motor_scooter
🦽	travel	manual_wheelchair
🦼	travel	motorized_wheelchair
🛺	travel	auto_rickshaw
🚲	travel	bike
🛴	travel	kick_scooter
🛹	travel	skateboard
🛼	travel	roller_skate
🚏	travel	busstop
🛣️	travel	motorway
🛤️	travel	railway_track
🛢️	travel	oil_drum
⛽	travel	fuelpump
🛞	travel	wheel
🚨	travel	rotating_light
🚥	travel	traffic_light
🚦	travel	vertical_traffic_light
🛑	travel	stop_sign
🚧	travel	construction
⚓	travel	anchor
🛟	travel	ring_buoy
⛵	travel	boat sailboat
🛶	travel	canoe
🚤	travel	speedboat
🛳️	travel	passenger_ship
⛴️	travel	ferry
🛥️	travel	motor_boat
🚢	travel	ship
✈️	travel	airplane
🛩️	travel	small_airplane
🛫	travel	flight_departure
🛬	travel	flight_arrival
🪂	travel	parachute
💺	travel	seat
🚁	travel	helicopter
🚟	travel	suspension_railway
🚠	travel	mountain_cableway
🚡	travel	aerial_tramway
🛰️	travel	artificial_satellite
🚀	travel	rocket
🛸	travel	flying_saucer
🛎️	travel	bellhop_bell
🧳	travel	luggage
⌛	travel	hourglass
⏳	travel	hourglass_flowing_sand
⌚	travel	watch
⏰	travel	alarm_clock
⏱️	travel	stopwatch
⏲️	travel	timer_clock
🕰️	travel	mantelpiece_clock
🕛	travel	clock12
🕧	travel	clock1230
🕐	travel	clock1
🕜	travel	clock130
🕑	travel	clock2
🕝	travel	clock230
🕒	travel	clock3
🕞	travel	clock330
🕓	travel	clock4
🕟	travel	clock430
🕔	travel	clock5
🕠	travel	clock530
🕕	travel	clock6
🕡	travel	clock630
🕖	travel	clock7
🕢	travel	clock730
🕗	travel	clock8
🕣	travel	clock830
🕘	travel	clock9
🕤	travel	clock930
🕙	travel	clock10
🕥	travel	clock1030
🕚	travel	clock11
🕦	travel	clock1130
🌑	travel	new_moon
🌒	travel	waxing_crescent_moon
🌓	travel	first_quarter_moon
🌔	travel	moon waxing_gibbous_moon
🌕	travel	full_moon
🌖	travel	waning_gibbous_moon
🌗	travel	last_quarter_moon
🌘	travel	waning_crescent_moon
🌙	travel	crescent_moon
🌚	travel	new_moon_with_face
🌛	travel	first_quarter_moon_with_face
🌜	travel	last_quarter_moon_with_face
🌡️	travel	thermometer
☀️	travel	sunny
🌝	travel	full_moon_with_face
🌞	travel	sun_with_face
🪐	travel	ringed_planet
⭐	travel	star
🌟	travel	star2
🌠	travel	stars
🌌	travel	milky_way
☁️	travel	cloud
⛅	travel	partly_sunny
⛈️	travel	cloud_with_lightning_and_rain
🌤️	travel	sun_behind_small_cloud
🌥️	travel	sun_behind_large_cloud
🌦️	travel	sun_behind_rain_cloud
🌧️	travel	cloud_with_rain
🌨️	travel	cloud_with_snow
🌩️	travel	cloud_with_lightning
🌪️	travel	tornado
🌫️	travel	fog
🌬️	travel	wind_face
🌀	travel	cyclone
🌈	travel	rainbow
🌂	travel	closed_umbrella
☂️	travel	open_umbrella
☔	travel	umbrella
⛱️	travel	parasol_on_ground
⚡	travel	zap
❄️	travel	snowflake
☃️	travel	snowman_with_snow
⛄	travel	snowman
☄️	travel	comet
🔥	travel	fire
💧	travel	droplet
🌊	travel	ocean
🎃	activities	jack_o_lantern
🎄	activities	christmas_tree
🎆	activities	fireworks
🎇	activities	sparkler
🧨	activities	firecracker
✨	activities	sparkles
🎈	activities	balloon
🎉	activities	tada
🎊	activities	confetti_ball
🎋	activities	tanabata_tree
🎍	activities	bamboo
🎎	activities	dolls
🎏	activities	flags
🎐	activities	wind_chime
🎑	activities	rice_scene
🧧	activities	red_envelope
🎀	activities	ribbon
🎁	activities	gift
🎗️	activities	reminder_ribbon
🎟️	activities	tickets
🎫	activities	ticket
🎖️	activities	medal_military
🏆	activities	trophy
🏅	activities	medal_sports
🥇	activities	1st_place_medal
🥈	activities	2nd_place_medal
🥉	activities	3rd_place_medal
⚽	activities	soccer
⚾	activities	baseball
🥎	activities	softball
🏀	activities	basketball
🏐	activities	volleyball
🏈	activities	football
🏉	activities	rugby_football
🎾	activities	tennis
🥏	activities	flying_disc
🎳	activities	bowling
🏏	activities	cricket_game
🏑	activities	field_hockey
🏒	activities	ice_hockey
🥍	activities	lacrosse
🏓	activities	ping_pong
🏸	activities	badminton
🥊	activities	boxing_glove
🥋	activities	martial_arts_uniform
🥅	activities	goal_net
⛳	activities	golf
⛸️	activities	ice_skate
🎣	activities	fishing_pole_and_fish
🤿	activities	diving_mask
🎽	activities	running_shirt_with_sash
🎿	activities	ski
🛷	activities	sled
🥌	activities	curling_stone
🎯	activities	dart
🪀	activities	yo_yo
🪁	activities	kite
🔫	activities	gun
🎱	activities	8ball
🔮	activities	crystal_ball
🪄	activities	magic_wand
🎮	activities	video_game
🕹️	activities	joystick
🎰	activities	slot_machine
🎲	activities	game_die
🧩	activities	jigsaw
🧸	activities	teddy_bear
🪅	activities	pinata
🪩	activities	mirror_ball
🪆	activities	nesting_dolls
♠️	activities	spades
♥️	activities	hearts
♦️	activities	diamonds
♣️	activities	clubs
♟️	activities	chess_pawn
🃏	activities	black_joker
🀄	activities	mahjong
🎴	activities	flower_playing_cards
🎭	activities	performing_arts
🖼️	activities	framed_picture
🎨	activities	art
🧵	activities	thread
🪡	activities	sewing_needle
🧶	activities	yarn
🪢	activities	knot
👓	objects	eyeglasses
🕶️	objects	dark_sunglasses
🥽	objects	goggles
🥼	objects	lab_coat
🦺	objects	safety_vest
👔	objects	necktie
👕	objects	shirt tshirt
👖	objects	jeans
🧣	objects	scarf
🧤	objects	gloves
🧥	objects	coat
🧦	objects	socks
👗	objects	dress
👘	objects	kimono
🥻	objects	sari
🩱	objects	one_piece_swimsuit
🩲	objects	swim_brief
🩳	objects	shorts
👙	objects	bikini
👚	objects	womans_clothes
🪭	objects	folding_hand_fan
👛	objects	purse
👜	objects	handbag
👝	objects	pouch
🛍️	objects	shopping
🎒	objects	school_satchel
🩴	objects	thong_sandal
👞	objects	mans_shoe shoe
👟	objects	athletic_shoe
🥾	objects	hiking_boot
🥿	objects	flat_shoe
👠	objects	high_heel
👡	objects	sandal
🩰	objects	ballet_shoes
👢	objects	boot
🪮	objects	hair_pick
👑	objects	crown
👒	objects	womans_hat
🎩	objects	tophat
🎓	objects	mortar_board
🧢	objects	billed_cap
🪖	objects	military_helmet
⛑️	objects	rescue_worker_helmet
📿	objects	prayer_beads
💄	objects	lipstick
💍	objects	ring
💎	objects	gem
🔇	objects	mute
🔈	objects	speaker
🔉	objects	sound
🔊	objects	loud_sound
📢	objects	loudspeaker
📣	objects	mega
📯	objects	postal_horn
🔔	objects	bell
🔕	objects	no_bell
🎼	objects	musical_score
🎵	objects	musical_note
🎶	objects	notes
🎙️	objects	studio_microphone
🎚️	objects	level_slider
🎛️	objects	control_knobs
🎤	objects	microphone
🎧	objects	headphones
📻	objects	radio
🎷	objects	saxophone
🪗	objects	accordion
🎸	objects	guitar
🎹	objects	musical_keyboard
🎺	objects	trumpet
🎻	objects	violin
🪕	objects	banjo
🥁	objects	drum
🪘	objects	long_drum
🪇	objects	maracas
🪈	objects	flute
📱	objects	iphone
📲	objects	calling
☎️	objects	phone telephone
📞	objects	telephone_receiver
📟	objects	pager
📠	objects	fax
🔋	objects	battery
🪫	objects	low_battery
🔌	objects	electric_plug
💻	objects	computer
🖥️	objects	desktop_computer
🖨️	objects	printer
⌨️	objects	keyboard
🖱️	objects	computer_mouse
🖲️	objects	trackball
💽	objects	minidisc
💾	objects	floppy_disk
💿	objects	cd
📀	objects	dvd
🧮	objects	abacus
🎥	objects	movie_camera
🎞️	objects	film_strip
📽️	objects	film_projector
🎬	objects	clapper
📺	objects	tv
📷	objects	camera
📸	objects	camera_flash
📹	objects	video_camera
📼	objects	vhs
🔍	objects	mag
🔎	objects	mag_right
🕯️	objects	candle
💡	objects	bulb
🔦	objects	flashlight
🏮	objects	izakaya_lantern lantern
🪔	objects	diya_lamp
📔	objects	notebook_with_decorative_cover
📕	objects	closed_book
📖	objects	book open_book
📗	objects	green_book
📘	objects	blue_book
📙	objects	orange_book
📚	objects	books
📓	objects	notebook
📒	objects	ledger
📃	objects	page_with_curl
📜	objects	scroll
📄	objects	page_facing_up
📰	objects	newspaper
🗞️	objects	newspaper_roll
📑	objects	bookmark_tabs
🔖	objects	bookmark
🏷️	objects	label
💰	objects	moneybag
🪙	objects	coin
💴	objects	yen
💵	objects	dollar
💶	objects	euro
💷	objects	pound
💸	objects	money_with_wings
💳	objects	credit_card
🧾	objects	receipt
💹	objects	chart
✉️	objects	envelope
📧	objects	email e-mail
📨	objects	incoming_envelope
📩	objects	envelope_with_arrow
📤	objects	outbox_tray
📥	objects	inbox_tray
📦	objects	package
📫	objects	mailbox
📪	objects	mailbox_closed
📬	objects	mailbox_with_mail
📭	objects	mailbox_with_no_mail
📮	objects	postbox
🗳️	objects	ballot_box
✏️	objects	pencil2
✒️	objects	black_nib
🖋️	objects	fountain_pen
🖊️	objects	pen
🖌️	objects	paintbrush
🖍️	objects	crayon
📝	objects	memo pencil
💼	objects	briefcase
📁	objects	file_folder
📂	objects	open_file_folder
🗂️	objects	card_index_dividers
📅	objects	date
📆	objects	calendar
🗒️	objects	spiral_notepad
🗓️	objects	spiral_calendar
📇	objects	card_index
📈	objects	chart_with_upwards_trend
📉	objects	chart_with_downwards_trend
📊	objects	bar_chart
📋	objects	clipboard
📌	objects	pushpin
📍	objects	round_pushpin
📎	objects	paperclip
🖇️	objects	paperclips
📏	objects	straight_ruler
📐	objects	triangular_ruler
✂️	objects	scissors
🗃️	objects	card_file_box
🗄️	objects	file_cabinet
🗑️	objects	wastebasket
🔒	objects	lock
🔓	objects	unlock
🔏	objects	lock_with_ink_pen
🔐	objects	closed_lock_with_key
🔑	objects	key
🗝️	objects	old_key
🔨	objects	hammer
🪓	objects	axe
⛏️	objects	pick
⚒️	objects	hammer_and_pick
🛠️	objects	hammer_and_wrench
🗡️	objects	dagger
⚔️	objects	crossed_swords
💣	objects	bomb
🪃	objects	boomerang
🏹	objects	bow_and_arrow
🛡️	objects	shield
🪚	objects	carpentry_saw
🔧	objects	wrench
🪛	objects	screwdriver
🔩	objects	nut_and_bolt
⚙️	objects	gear
🗜️	objects	clamp
⚖️	objects	balance_scale
🦯	objects	probing_cane
🔗	objects	link
⛓️	objects	chains
🪝	objects	hook
🧰	objects	toolbox
🧲	objects	magnet
🪜	objects	ladder
⚗️	objects	alembic
🧪	objects	test_tube
🧫	objects	petri_dish
🧬	objects	dna
🔬	objects	microscope
🔭	objects	telescope
📡	objects	satellite
💉	objects	syringe
🩸	objects	drop_of_blood
💊	objects	pill
🩹	objects	adhesive_bandage
🩼	objects	crutch
🩺	objects	stethoscope
🩻	objects	x_ray
🚪	objects	door
🛗	objects	elevator
🪞	objects	mirror
🪟	objects	window
🛏️	objects	bed
🛋️	objects	couch_and_lamp
🪑	objects	chair
🚽	objects	toilet
🪠	objects	plunger
🚿	objects	shower
🛁	objects	bathtub
🪤	objects	mouse_trap
🪒	objects	razor
🧴	objects	lotion_bottle
🧷	objects	safety_pin
🧹	objects	broom
🧺	objects	basket
🧻	objects	roll_of_paper
🪣	objects	bucket
🧼	objects	soap
🫧	objects	bubbles
🪥	objects	toothbrush
🧽	objects	sponge
🧯	objects	fire_extinguisher
🛒	objects	shopping_cart
🚬	objects	smoking
⚰️	objects	coffin
🪦	objects	headstone
⚱️	objects	funeral_urn
🧿	objects	nazar_amulet
🪬	objects	hamsa
🗿	objects	moyai
🪧	objects	placard
🪪	objects	identification_card
🏧	symbols	atm
🚮	symbols	put_litter_in_its_place
🚰	symbols	potable_water
♿	symbols	wheelchair
🚹	symbols	mens
🚺	symbols	womens
🚻	symbols	restroom
🚼	symbols	baby_symbol
🚾	symbols	wc
🛂	symbols	passport_control
🛃	symbols	customs
🛄	symbols	baggage_claim
🛅	symbols	left_luggage
⚠️	symbols	warning
🚸	symbols	children_crossing
⛔	symbols	no_entry
🚫	symbols	no_entry_sign
🚳	symbols	no_bicycles
🚭	symbols	no_smoking
🚯	symbols	do_not_litter
🚱	symbols	non-potable_water
🚷	symbols	no_pedestrians
📵	symbols	no_mobile_phones
🔞	symbols	underage
☢️	symbols	radioactive
☣️	symbols	biohazard
⬆️	symbols	arrow_up
↗️	symbols	arrow_upper_right
➡️	symbols	arrow_right
↘️	symbols	arrow_lower_right
⬇️	symbols	arrow_down
↙️	symbols	arrow_lower_left
⬅️	symbols	arrow_left
↖️	symbols	arrow_upper_left
↕️	symbols	arrow_up_down
↔️	symbols	left_right_arrow
↩️	symbols	leftwards_arrow_with_hook
↪️	symbols	arrow_right_hook
⤴️	symbols	arrow_heading_up
⤵️	symbols	arrow_heading_down
🔃	symbols	arrows_clockwise
🔄	symbols	arrows_counterclockwise
🔙	symbols	back
🔚	symbols	end
🔛	symbols	on
🔜	symbols	soon
🔝	symbols	top
🛐	symbols	place_of_worship
⚛️	symbols	atom_symbol
🕉️	symbols	om
✡️	symbols	star_of_david
☸️	symbols	wheel_of_dharma
☯️	symbols	yin_yang
✝️	symbols	latin_cross
☦️	symbols	orthodox_cross
☪️	symbols	star_and_crescent
☮️	symbols	peace_symbol
🕎	symbols	menorah
🔯	symbols	six_pointed_star
🪯	symbols	khanda
♈	symbols	aries
♉	symbols	taurus
♊	symbols	gemini
♋	symbols	cancer
♌	symbols	leo
♍	symbols	virgo
♎	symbols	libra
♏	symbols	scorpius
♐	symbols	sagittarius
♑	symbols	capricorn
♒	symbols	aquarius
♓	symbols	pisces
⛎	symbols	ophiuchus
🔀	symbols	twisted_rightwards_arrows
🔁	symbols	repeat
🔂	symbols	repeat_one
▶️	symbols	arrow_forward
⏩	symbols	fast_forward
⏭️	symbols	next_track_button
⏯️	symbols	play_or_pause_button
◀️	symbols	arrow_backward
⏪	symbols	rewind
⏮️	symbols	previous_track_button
🔼	symbols	arrow_up_small
⏫	symbols	arrow_double_up
🔽	symbols	arrow_down_small
⏬	symbols	arrow_double_down
⏸️	symbols	pause_button
⏹️	symbols	stop_button
⏺️	symbols	record_button
⏏️	symbols	eject_button
🎦	symbols	cinema
🔅	symbols	low_brightness
🔆	symbols	high_brightness
📶	symbols	signal_strength
🛜	symbols	wireless
📳	symbols	vibration_mode
📴	symbols	mobile_phone_off
♀️	symbols	female_sign
♂️	symbols	male_sign
⚧️	symbols	transgender_symbol
✖️	symbols	heavy_multiplication_x
➕	symbols	heavy_plus_sign
➖	symbols	heavy_minus_sign
➗	symbols	heavy_division_sign
🟰	symbols	heavy_equals_sign
♾️	symbols	infinity
‼️	symbols	bangbang
⁉️	symbols	interrobang
❓	symbols	question
❔	symbols	grey_question
❕	symbols	grey_exclamation
❗	symbols	exclamation heavy_exclamation_mark
〰️	symbols	wavy_dash
💱	symbols	currency_exchange
💲	symbols	heavy_dollar_sign
⚕️	symbols	medical_symbol
♻️	symbols	recycle
⚜️	symbols	fleur_de_lis
🔱	symbols	trident
📛	symbols	name_badge
🔰	symbols	beginner
⭕	symbols	o
✅	symbols	white_check_mark
☑️	symbols	ballot_box_with_check
✔️	symbols	heavy_check_mark
❌	symbols	x
❎	symbols	negative_squared_cross_mark
➰	symbols	curly_loop
➿	symbols	loop
〽️	symbols	part_alternation_mark
✳️	symbols	eight_spoked_asterisk
✴️	symbols	eight_pointed_black_star
❇️	symbols	sparkle
©️	symbols	copyright
®️	symbols	registered
™️	symbols	tm
#️⃣	symbols	hash
*️⃣	symbols	asterisk
0️⃣	symbols	zero
1️⃣	symbols	one
2️⃣	symbols	two
3️⃣	symbols	three
4️⃣	symbols	four
5️⃣	symbols	five
6️⃣	symbols	six
7️⃣	symbols	seven
8️⃣	symbols	eight
9️⃣	symbols	nine
🔟	symbols	keycap_ten
🔠	symbols	capital_abcd
🔡	symbols	abcd
🔢	symbols	1234
🔣	symbols	symbols
🔤	symbols	abc
🅰️	symbols	a
🆎	symbols	ab
🅱️	symbols	b
🆑	symbols	cl
🆒	symbols	cool
🆓	symbols	free
ℹ️	symbols	information_source
🆔	symbols	id
Ⓜ️	symbols	m
🆕	symbols	new
🆖	symbols	ng
🅾️	symbols	o2
🆗	symbols	ok
🅿️	symbols	parking
🆘	symbols	sos
🆙	symbols	up
🆚	symbols	vs
🈁	symbols	koko
🈂️	symbols	sa
🈷️	symbols	u6708
🈶	symbols	u6709
🈯	symbols	u6307
🉐	symbols	ideograph_advantage
🈹	symbols	u5272
🈚	symbols	u7121
🈲	symbols	u7981
🉑	symbols	accept
🈸	symbols	u7533
🈴	symbols	u5408
🈳	symbols	u7a7a
㊗️	symbols	congratulations
㊙️	symbols	secret
🈺	symbols	u55b6
🈵	symbols	u6e80
🔴	symbols	red_circle
🟠	symbols	orange_circle
🟡	symbols	yellow_circle
🟢	symbols	green_circle
🔵	symbols	large_blue_circle
🟣	symbols	purple_circle
🟤	symbols	brown_circle
⚫	symbols	black_circle
⚪	symbols	white_circle
🟥	symbols	red_square
🟧	symbols	orange_square
🟨	symbols	yellow_square
🟩	symbols	green_square
🟦	symbols	blue_square
🟪	symbols	purple_square
🟫	symbols	brown_square
⬛	symbols	black_large_square
⬜	symbols	white_large_square
◼️	symbols	black_medium_square
◻️	symbols	white_medium_square
◾	symbols	black_medium_small_square
◽	symbols	white_medium_small_square
▪️	symbols	black_small_square
▫️	symbols	white_small_square
🔶	symbols	large_orange_diamond
🔷	symbols	large_blue_diamond
🔸	symbols	small_orange_diamond
🔹	symbols	small_blue_diamond
🔺	symbols	small_red_triangle
🔻	symbols	small_red_triangle_down
💠	symbols	diamond_shape_with_a_dot_inside
🔘	symbols	radio_button
🔳	symbols	white_square_button
🔲	symbols	black_square_button
🏁	flags	checkered_flag
🚩	flags	triangular_flag_on_post
🎌	flags	crossed_flags
🏴	flags	black_flag
🏳️	flags	white_flag
🏳️‍🌈	flags	rainbow_flag
🏳️‍⚧️	flags	transgender_flag
🏴‍☠️	flags	pirate_flag
🇦🇨	flags	ascension_island
🇦🇩	flags	andorra
🇦🇪	flags	united_arab_emirates
🇦🇫	flags	afghanistan
🇦🇬	flags	antigua_barbuda
🇦🇮	flags	anguilla
🇦🇱	flags	albania
🇦🇲	flags	armenia
🇦🇴	flags	angola
🇦🇶	flags	antarctica
🇦🇷	flags	argentina
🇦🇸	flags	american_samoa
🇦🇹	flags	austria
🇦🇺	flags	australia
🇦🇼	flags	aruba
🇦🇽	flags	aland_islands
🇦🇿	flags	azerbaijan
🇧🇦	flags	bosnia_herzegovina
🇧🇧	flags	barbados
🇧🇩	flags	bangladesh
🇧🇪	flags	belgium
🇧🇫	flags	burkina_faso
🇧🇬	flags	bulgaria
🇧🇭	flags	bahrain
🇧🇮	flags	burundi
🇧🇯	flags	benin
🇧🇱	flags	st_barthelemy
🇧🇲	flags	bermuda
🇧🇳	flags	brunei
🇧🇴	flags	bolivia
🇧🇶	flags	caribbean_netherlands
🇧🇷	flags	brazil
🇧🇸	flags	bahamas
🇧🇹	flags	bhutan
🇧🇻	flags	bouvet_island
🇧🇼	flags	botswana
🇧🇾	flags	belarus
🇧🇿	flags	belize
🇨🇦	flags	canada
🇨🇨	flags	cocos_islands
🇨🇩	flags	congo_kinshasa
🇨🇫	flags	central_african_republic
🇨🇬	flags	congo_brazzaville
🇨🇭	flags	switzerland
🇨🇮	flags	cote_divoire
🇨🇰	flags	cook_islands
🇨🇱	flags	chile
🇨🇲	flags	cameroon
🇨🇳	flags	cn
🇨🇴	flags	colombia
🇨🇵	flags	clipperton_island
🇨🇷	flags	costa_rica
🇨🇺	flags	cuba
🇨🇻	flags	cape_verde
🇨🇼	flags	curacao
🇨🇽	flags	christmas_island
🇨🇾	flags	cyprus
🇨🇿	flags	czech_republic
🇩🇪	flags	de
🇩🇬	flags	diego_garcia
🇩🇯	flags	djibouti
🇩🇰	flags	denmark
🇩🇲	flags	dominica
🇩🇴	flags	dominican_republic
🇩🇿	flags	algeria
🇪🇦	flags	ceuta_melilla
🇪🇨	flags	ecuador
🇪🇪	flags	estonia
🇪🇬	flags	egypt
🇪🇭	flags	western_sahara
🇪🇷	flags	eritrea
🇪🇸	flags	es
🇪🇹	flags	ethiopia
🇪🇺	flags	eu european_union
🇫🇮	flags	finland
🇫🇯	flags	fiji
🇫🇰	flags	falkland_islands
🇫🇲	flags	micronesia
🇫🇴	flags	faroe_islands
🇫🇷	flags	fr
🇬🇦	flags	gabon
🇬🇧	flags	gb uk
🇬🇩	flags	grenada
🇬🇪	flags	georgia
🇬🇫	flags	french_guiana
🇬🇬	flags	guernsey
🇬🇭	flags	ghana
🇬🇮	flags	gibraltar
🇬🇱	flags	greenland
🇬🇲	flags	gambia
🇬🇳	flags	guinea
🇬🇵	flags	guadeloupe
🇬🇶	flags	equatorial_guinea
🇬🇷	flags	greece
🇬🇸	flags	south_georgia_south_sandwich_islands
🇬🇹	flags	guatemala
🇬🇺	flags	guam
🇬🇼	flags	guinea_bissau
🇬🇾	flags	guyana
🇭🇰	flags	hong_kong
🇭🇲	flags	heard_mcdonald_islands
🇭🇳	flags	honduras
🇭🇷	flags	croatia
🇭🇹	flags	haiti
🇭🇺	flags	hungary
🇮🇨	flags	canary_islands
🇮🇩	flags	indonesia
🇮🇪	flags	ireland
🇮🇱	flags	israel
🇮🇲	flags	isle_of_man
🇮🇳	flags	india
🇮🇴	flags	british_indian_ocean_territory
🇮🇶	flags	iraq
🇮🇷	flags	iran
🇮🇸	flags	iceland
🇮🇹	flags	it
🇯🇪	flags	jersey
🇯🇲	flags	jamaica
🇯🇴	flags	jordan
🇯🇵	flags	jp
🇰🇪	flags	kenya
🇰🇬	flags	kyrgyzstan
🇰🇭	flags	cambodia
🇰🇮	flags	kiribati
🇰🇲	flags	comoros
🇰🇳	flags	st_kitts_nevis
🇰🇵	flags	north_korea
🇰🇷	flags	kr
🇰🇼	flags	kuwait
🇰🇾	flags	cayman_islands
🇰🇿	flags	kazakhstan
🇱🇦	flags	laos
🇱🇧	flags	lebanon
🇱🇨	flags	st_lucia
🇱🇮	flags	liechtenstein
🇱🇰	flags	sri_lanka
🇱🇷	flags	liberia
🇱🇸	flags	lesotho
🇱🇹	flags	lithuania
🇱🇺	flags	luxembourg
🇱🇻	flags	latvia
🇱🇾	flags	libya
🇲🇦	flags	morocco
🇲🇨	flags	monaco
🇲🇩	flags	moldova
🇲🇪	flags	montenegro
🇲🇫	flags	st_martin
🇲🇬	flags	madagascar
🇲🇭	flags	marshall_islands
🇲🇰	flags	macedonia
🇲🇱	flags	mali
🇲🇲	flags	myanmar
🇲🇳	flags	mongolia
🇲🇴	flags	macau
🇲🇵	flags	northern_mariana_islands
🇲🇶	flags	martinique
🇲🇷	flags	mauritania
🇲🇸	flags	montserrat
🇲🇹	flags	malta
🇲🇺	flags	mauritius
🇲🇻	flags	maldives
🇲🇼	flags	malawi
🇲🇽	flags	mexico
🇲🇾	flags	malaysia
🇲🇿	flags	mozambique
🇳🇦	flags	namibia
🇳🇨	flags	new_caledonia
🇳🇪	flags	niger
🇳🇫	flags	norfolk_island
🇳🇬	flags	nigeria
🇳🇮	flags	nicaragua
🇳🇱	flags	netherlands
🇳🇴	flags	norway
🇳🇵	flags	nepal
🇳🇷	flags	nauru
🇳🇺	flags	niue
🇳🇿	flags	new_zealand
🇴🇲	flags	oman
🇵🇦	flags	panama
🇵🇪	flags	peru
🇵🇫	flags	french_polynesia
🇵🇬	flags	papua_new_guinea
🇵🇭	flags	philippines
🇵🇰	flags	pakistan
🇵🇱	flags	poland
🇵🇲	flags	st_pierre_miquelon
🇵🇳	flags	pitcairn_islands
🇵🇷	flags	puerto_rico
🇵🇸	flags	palestinian_territories
🇵🇹	flags	portugal
🇵🇼	flags	palau
🇵🇾	flags	paraguay
🇶🇦	flags	qatar
🇷🇪	flags	reunion
🇷🇴	flags	romania
🇷🇸	flags	serbia
🇷🇺	flags	ru
🇷🇼	flags	rwanda
🇸🇦	flags	saudi_arabia
🇸🇧	flags	solomon_islands
🇸🇨	flags	seychelles
🇸🇩	flags	sudan
🇸🇪	flags	sweden
🇸🇬	flags	singapore
🇸🇭	flags	st_helena
🇸🇮	flags	slovenia
🇸🇯	flags	svalbard_jan_mayen
🇸🇰	flags	slovakia
🇸🇱	flags	sierra_leone
🇸🇲	flags	san_marino
🇸🇳	flags	senegal
🇸🇴	flags	somalia
🇸🇷	flags	suriname
🇸🇸	flags	south_sudan
🇸🇹	flags	sao_tome_principe
🇸🇻	flags	el_salvador
🇸🇽	flags	sint_maarten
🇸🇾	flags	syria
🇸🇿	flags	swaziland
🇹🇦	flags	tristan_da_cunha
🇹🇨	flags	turks_caicos_islands
🇹🇩	flags	chad
🇹🇫	flags	french_southern_territories
🇹🇬	flags	togo
🇹🇭	flags	thailand
🇹🇯	flags	tajikistan
🇹🇰	flags	tokelau
🇹🇱	flags	timor_leste
🇹🇲	flags	turkmenistan
🇹🇳	flags	tunisia
🇹🇴	flags	tonga
🇹🇷	flags	tr
🇹🇹	flags	trinidad_tobago
🇹🇻	flags	tuvalu
🇹🇼	flags	taiwan
🇹🇿	flags	tanzania
🇺🇦	flags	ukraine
🇺🇬	flags	uganda
🇺🇲	flags	us_outlying_islands
🇺🇳	flags	united_nations
🇺🇸	flags	us
🇺🇾	flags	uruguay
🇺🇿	flags	uzbekistan
🇻🇦	flags	vatican_city
🇻🇨	flags	st_vincent_grenadines
🇻🇪	flags	venezuela
🇻🇬	flags	british_virgin_islands
🇻🇮	flags	us_virgin_islands
🇻🇳	flags	vietnam
🇻🇺	flags	vanuatu
🇼🇫	flags	wallis_futuna
🇼🇸	flags	samoa
🇽🇰	flags	kosovo
🇾🇪	flags	yemen
🇾🇹	flags	mayotte
🇿🇦	flags	south_africa
🇿🇲	flags	zambia
🇿🇼	flags	zimbabwe
🏴󠁧󠁢󠁥󠁮󠁧󠁿	flags	england
🏴󠁧󠁢󠁳󠁣󠁴󠁿	flags	scotland
🏴󠁧󠁢󠁷󠁬󠁳󠁿	flags	wales
